{
  "name": "6-25多功能时钟",
  "type": "C51",
  "mode": "Target 1",
  "toolchain": "Keil_C51",
  "uploader": "stcgal",
  "dependenceList": [
    {
      "groupName": "custom",
      "depList": [
        {
          "name": "default",
          "sourceDirList": [],
          "libList": [],
          "incList": [
            "./../../../../Program Files (x86)/Keil5/C51/INC/Atmel"
          ],
          "defineList": []
        }
      ]
    }
  ],
  "compileConfig": {
    "options": "null"
  },
  "srcDirs": [],
  "virtualFolder": {
    "name": "<virtual_root>",
    "files": [],
    "folders": [
      {
        "name": "Source Group 1",
        "files": [
          {
            "path": "main.c"
          },
          {
            "path": "LCD1602.c"
          }
        ],
        "folders": []
      }
    ]
  },
  "excludeList": [],
  "outDir": "build",
  "deviceName": null,
  "packDir": null,
  "uploadConfig": {
    "bin": "",
    "eepromImgPath": "null",
    "extraOptions": "",
    "options": ".eide/stc.flash.json"
  },
  "uploadConfigMap": {},
  "miscInfo": {
    "uid": "bae4aa64b27c8d44908a539328fec56f"
  },
  "targets": {
    "Target 1": {
      "compileConfig": {
        "options": "null"
      },
      "uploader": "stcgal",
      "uploadConfig": {
        "bin": "",
        "eepromImgPath": "null",
        "extraOptions": "",
        "options": ".eide/stc.flash.json"
      },
      "uploadConfigMap": {},
      "toolchain": "Keil_C51",
      "custom_dep": {
        "name": "default",
        "sourceDirList": [],
        "libList": [],
        "incList": [
          "../../../../Program Files (x86)/Keil5/C51/INC/Atmel"
        ],
        "defineList": []
      },
      "excludeList": []
    }
  },
  "version": "3.1"
}